rank_test_score,mean_test_score,std_test_score,mean_train_score,std_train_score,mean_fit_time,std_fit_time,mean_score_time,std_score_time,param_vec__max_df,param_vec__max_features,param_vec__min_df,param_vec__ngram_range,params,split0_test_score,split0_train_score,split1_test_score,split1_train_score,split2_test_score,split2_train_score,split3_test_score,split3_train_score,split4_test_score,split4_train_score
1,0.8610399999999998,0.0018906083676954366,0.91313,0.0010888526071053022,3.247422933578491,0.14397115197120824,0.7671304702758789,0.06467249137964584,0.8,100500,1,"(1, 1)","{'vec__max_df': 0.8, 'vec__max_features': 100500, 'vec__min_df': 1, 'vec__ngram_range': (1, 1)}",0.8592,0.91435,0.8606,0.9122,0.862,0.9137,0.8642,0.9139,0.8592,0.9115
1,0.8610399999999998,0.0018906083676954366,0.91313,0.0010888526071053022,3.2552677631378173,0.09934471668903275,0.7482778549194335,0.05663341566718324,0.8,150500,1,"(1, 1)","{'vec__max_df': 0.8, 'vec__max_features': 150500, 'vec__min_df': 1, 'vec__ngram_range': (1, 1)}",0.8592,0.91435,0.8606,0.9122,0.862,0.9137,0.8642,0.9139,0.8592,0.9115
1,0.8610399999999998,0.0018906083676954366,0.91313,0.0010888526071053022,3.178848123550415,0.13565324898495174,0.7521774768829346,0.06708724212999517,0.8,,1,"(1, 1)","{'vec__max_df': 0.8, 'vec__max_features': None, 'vec__min_df': 1, 'vec__ngram_range': (1, 1)}",0.8592,0.91435,0.8606,0.9122,0.862,0.9137,0.8642,0.9139,0.8592,0.9115
1,0.8610399999999998,0.0018906083676954366,0.91313,0.0010888526071053022,3.214586067199707,0.17150253156447223,0.755938720703125,0.06611194291384283,0.9,100500,1,"(1, 1)","{'vec__max_df': 0.9, 'vec__max_features': 100500, 'vec__min_df': 1, 'vec__ngram_range': (1, 1)}",0.8592,0.91435,0.8606,0.9122,0.862,0.9137,0.8642,0.9139,0.8592,0.9115
1,0.8610399999999998,0.0018906083676954366,0.91313,0.0010888526071053022,3.239096450805664,0.23844169534416051,0.7691924571990967,0.019594141709452072,0.9,150500,1,"(1, 1)","{'vec__max_df': 0.9, 'vec__max_features': 150500, 'vec__min_df': 1, 'vec__ngram_range': (1, 1)}",0.8592,0.91435,0.8606,0.9122,0.862,0.9137,0.8642,0.9139,0.8592,0.9115
1,0.8610399999999998,0.0018906083676954366,0.91313,0.0010888526071053022,3.157760190963745,0.1422837760361781,0.7513640880584717,0.06064529835560687,0.9,,1,"(1, 1)","{'vec__max_df': 0.9, 'vec__max_features': None, 'vec__min_df': 1, 'vec__ngram_range': (1, 1)}",0.8592,0.91435,0.8606,0.9122,0.862,0.9137,0.8642,0.9139,0.8592,0.9115
1,0.8610399999999998,0.0018906083676954366,0.91313,0.0010888526071053022,3.1375794887542723,0.12778337730729186,0.766346025466919,0.06973618000653227,1.0,100500,1,"(1, 1)","{'vec__max_df': 1.0, 'vec__max_features': 100500, 'vec__min_df': 1, 'vec__ngram_range': (1, 1)}",0.8592,0.91435,0.8606,0.9122,0.862,0.9137,0.8642,0.9139,0.8592,0.9115
1,0.8610399999999998,0.0018906083676954366,0.91313,0.0010888526071053022,3.195567798614502,0.14588693355456608,0.7502956390380859,0.061676052196672694,1.0,150500,1,"(1, 1)","{'vec__max_df': 1.0, 'vec__max_features': 150500, 'vec__min_df': 1, 'vec__ngram_range': (1, 1)}",0.8592,0.91435,0.8606,0.9122,0.862,0.9137,0.8642,0.9139,0.8592,0.9115
1,0.8610399999999998,0.0018906083676954366,0.91313,0.0010888526071053022,3.1473865032196047,0.09977096277297075,0.7452860832214355,0.05635026672181392,1.0,,1,"(1, 1)","{'vec__max_df': 1.0, 'vec__max_features': None, 'vec__min_df': 1, 'vec__ngram_range': (1, 1)}",0.8592,0.91435,0.8606,0.9122,0.862,0.9137,0.8642,0.9139,0.8592,0.9115
10,0.861,0.0013446189051177526,0.91197,0.0010842508934744148,3.2724051475524902,0.15246487602595865,0.7617921829223633,0.04316923224579123,0.8,50500,1,"(1, 1)","{'vec__max_df': 0.8, 'vec__max_features': 50500, 'vec__min_df': 1, 'vec__ngram_range': (1, 1)}",0.8602,0.9131,0.86,0.91065,0.861,0.913,0.8636,0.9124,0.8602,0.9107
10,0.861,0.0013446189051177526,0.91197,0.0010842508934744148,3.240303373336792,0.15750825044200112,0.7446999549865723,0.06478358308987446,0.9,50500,1,"(1, 1)","{'vec__max_df': 0.9, 'vec__max_features': 50500, 'vec__min_df': 1, 'vec__ngram_range': (1, 1)}",0.8602,0.9131,0.86,0.91065,0.861,0.913,0.8636,0.9124,0.8602,0.9107
10,0.861,0.0013446189051177526,0.91197,0.0010842508934744148,3.2588246345520018,0.2156002439903498,0.7634842872619629,0.05075812843797292,1.0,50500,1,"(1, 1)","{'vec__max_df': 1.0, 'vec__max_features': 50500, 'vec__min_df': 1, 'vec__ngram_range': (1, 1)}",0.8602,0.9131,0.86,0.91065,0.861,0.913,0.8636,0.9124,0.8602,0.9107
13,0.8584400000000001,0.002687452325158529,0.99856,0.0001827566688249967,13.012096881866455,0.6076598854218616,1.1414903163909913,0.09779252685311242,0.8,,1,"(2, 2)","{'vec__max_df': 0.8, 'vec__max_features': None, 'vec__min_df': 1, 'vec__ngram_range': (2, 2)}",0.8598,0.9986,0.8582,0.9989,0.8584,0.99845,0.862,0.9984,0.8538,0.99845
13,0.8584400000000001,0.002687452325158529,0.99856,0.0001827566688249967,12.909489631652832,0.6274804140952586,1.1552449226379395,0.09911540321278757,0.9,,1,"(2, 2)","{'vec__max_df': 0.9, 'vec__max_features': None, 'vec__min_df': 1, 'vec__ngram_range': (2, 2)}",0.8598,0.9986,0.8582,0.9989,0.8584,0.99845,0.862,0.9984,0.8538,0.99845
13,0.8584400000000001,0.002687452325158529,0.99856,0.0001827566688249967,12.94321436882019,0.5107352674516772,1.126712942123413,0.09835056314652312,1.0,,1,"(2, 2)","{'vec__max_df': 1.0, 'vec__max_features': None, 'vec__min_df': 1, 'vec__ngram_range': (2, 2)}",0.8598,0.9986,0.8582,0.9989,0.8584,0.99845,0.862,0.9984,0.8538,0.99845
16,0.8545999999999999,0.0015849290204927066,0.88597,0.0012492397688194218,3.215617227554321,0.16780063843285065,0.7305460453033448,0.03886421610347584,0.8,10500,1,"(1, 1)","{'vec__max_df': 0.8, 'vec__max_features': 10500, 'vec__min_df': 1, 'vec__ngram_range': (1, 1)}",0.8548,0.8859,0.8562,0.88585,0.8542,0.88815,0.856,0.88425,0.8518,0.8857
16,0.8545999999999999,0.0015849290204927066,0.88597,0.0012492397688194218,3.224733304977417,0.16636674837478682,0.73121018409729,0.0574666668290396,0.9,10500,1,"(1, 1)","{'vec__max_df': 0.9, 'vec__max_features': 10500, 'vec__min_df': 1, 'vec__ngram_range': (1, 1)}",0.8548,0.8859,0.8562,0.88585,0.8542,0.88815,0.856,0.88425,0.8518,0.8857
16,0.8545999999999999,0.0015849290204927066,0.88597,0.0012492397688194218,3.1264999866485597,0.09093314129814487,0.7230129718780518,0.06383037463326795,1.0,10500,1,"(1, 1)","{'vec__max_df': 1.0, 'vec__max_features': 10500, 'vec__min_df': 1, 'vec__ngram_range': (1, 1)}",0.8548,0.8859,0.8562,0.88585,0.8542,0.88815,0.856,0.88425,0.8518,0.8857
19,0.85176,0.00313279427987223,0.98072,0.0008334266614405673,12.342336511611938,0.6129314667998876,0.9601022243499756,0.0998871240773316,0.8,150500,1,"(2, 2)","{'vec__max_df': 0.8, 'vec__max_features': 150500, 'vec__min_df': 1, 'vec__ngram_range': (2, 2)}",0.8536,0.98,0.8518,0.98235,0.8556,0.9805,0.8516,0.98045,0.8462,0.9803
19,0.85176,0.00313279427987223,0.98072,0.0008334266614405673,12.294495916366577,0.5020578879163893,0.9779408931732178,0.046319261959919776,0.9,150500,1,"(2, 2)","{'vec__max_df': 0.9, 'vec__max_features': 150500, 'vec__min_df': 1, 'vec__ngram_range': (2, 2)}",0.8536,0.98,0.8518,0.98235,0.8556,0.9805,0.8516,0.98045,0.8462,0.9803
19,0.85176,0.00313279427987223,0.98072,0.0008334266614405673,12.214146089553832,0.5523829786204287,0.9581537246704102,0.09128141801494546,1.0,150500,1,"(2, 2)","{'vec__max_df': 1.0, 'vec__max_features': 150500, 'vec__min_df': 1, 'vec__ngram_range': (2, 2)}",0.8536,0.98,0.8518,0.98235,0.8556,0.9805,0.8516,0.98045,0.8462,0.9803
22,0.85144,0.0025687350972803708,0.9722099999999999,0.0006938299503480966,12.345742082595825,0.4151202905452727,0.9654460906982422,0.07867748008337308,0.8,100500,1,"(2, 2)","{'vec__max_df': 0.8, 'vec__max_features': 100500, 'vec__min_df': 1, 'vec__ngram_range': (2, 2)}",0.8514,0.97125,0.8534,0.9734,0.8542,0.97225,0.8514,0.9722,0.8468,0.97195
22,0.85144,0.0025687350972803708,0.9722099999999999,0.0006938299503480966,12.284616184234618,0.5338634454218881,0.9567349433898926,0.11966577677567349,0.9,100500,1,"(2, 2)","{'vec__max_df': 0.9, 'vec__max_features': 100500, 'vec__min_df': 1, 'vec__ngram_range': (2, 2)}",0.8514,0.97125,0.8534,0.9734,0.8542,0.97225,0.8514,0.9722,0.8468,0.97195
22,0.85144,0.0025687350972803708,0.9722099999999999,0.0006938299503480966,12.146275091171265,0.3926980172185735,0.9675693035125732,0.05203766659951902,1.0,100500,1,"(2, 2)","{'vec__max_df': 1.0, 'vec__max_features': 100500, 'vec__min_df': 1, 'vec__ngram_range': (2, 2)}",0.8514,0.97125,0.8534,0.9734,0.8542,0.97225,0.8514,0.9722,0.8468,0.97195
25,0.8486799999999999,0.00171394282285027,0.8690999999999999,0.0012988456413292652,3.2470073223114015,0.06919414294009427,0.7433263778686523,0.01663099781081051,0.8,5500,1,"(1, 1)","{'vec__max_df': 0.8, 'vec__max_features': 5500, 'vec__min_df': 1, 'vec__ngram_range': (1, 1)}",0.8484,0.86715,0.8472,0.8706,0.85,0.8703,0.8512,0.86815,0.8466,0.8693
25,0.8486799999999999,0.00171394282285027,0.8690999999999999,0.0012988456413292652,3.106558656692505,0.16244388419155192,0.7295583248138428,0.02241165546376651,0.9,5500,1,"(1, 1)","{'vec__max_df': 0.9, 'vec__max_features': 5500, 'vec__min_df': 1, 'vec__ngram_range': (1, 1)}",0.8484,0.86715,0.8472,0.8706,0.85,0.8703,0.8512,0.86815,0.8466,0.8693
25,0.8486799999999999,0.00171394282285027,0.8690999999999999,0.0012988456413292652,3.1172256469726562,0.2713804783381705,0.7034151077270507,0.04417953856952895,1.0,5500,1,"(1, 1)","{'vec__max_df': 1.0, 'vec__max_features': 5500, 'vec__min_df': 1, 'vec__ngram_range': (1, 1)}",0.8484,0.86715,0.8472,0.8706,0.85,0.8703,0.8512,0.86815,0.8466,0.8693
28,0.8441600000000001,0.003378520386204598,0.95102,0.0008176796438703775,12.466404390335082,0.48829916781463095,0.9477498531341553,0.052464003452195915,0.8,50500,1,"(2, 2)","{'vec__max_df': 0.8, 'vec__max_features': 50500, 'vec__min_df': 1, 'vec__ngram_range': (2, 2)}",0.8416,0.95065,0.8446,0.9519,0.8494,0.9497,0.8456,0.951,0.8396,0.95185
28,0.8441600000000001,0.003378520386204598,0.95102,0.0008176796438703775,12.187726402282715,0.5555523248729692,0.9202197074890137,0.10435113140138948,0.9,50500,1,"(2, 2)","{'vec__max_df': 0.9, 'vec__max_features': 50500, 'vec__min_df': 1, 'vec__ngram_range': (2, 2)}",0.8416,0.95065,0.8446,0.9519,0.8494,0.9497,0.8456,0.951,0.8396,0.95185
28,0.8441600000000001,0.003378520386204598,0.95102,0.0008176796438703775,12.278707313537598,0.5714993067982963,0.9400643348693848,0.13656338927553113,1.0,50500,1,"(2, 2)","{'vec__max_df': 1.0, 'vec__max_features': 50500, 'vec__min_df': 1, 'vec__ngram_range': (2, 2)}",0.8416,0.95065,0.8446,0.9519,0.8494,0.9497,0.8456,0.951,0.8396,0.95185
31,0.8364,0.00487442304278157,0.8432299999999999,0.0007277362159464129,3.175929832458496,0.18708891243782835,0.6862681865692138,0.05615307142903615,0.8,5500,0.01,"(1, 1)","{'vec__max_df': 0.8, 'vec__max_features': 5500, 'vec__min_df': 0.01, 'vec__ngram_range': (1, 1)}",0.8364,0.84405,0.8326,0.844,0.8458,0.8421,0.834,0.843,0.8332,0.843
31,0.8364,0.00487442304278157,0.8432299999999999,0.0007277362159464129,3.1217483997344972,0.18136455616388816,0.7073908805847168,0.02665709295321025,0.8,10500,0.01,"(1, 1)","{'vec__max_df': 0.8, 'vec__max_features': 10500, 'vec__min_df': 0.01, 'vec__ngram_range': (1, 1)}",0.8364,0.84405,0.8326,0.844,0.8458,0.8421,0.834,0.843,0.8332,0.843
31,0.8364,0.00487442304278157,0.8432299999999999,0.0007277362159464129,3.106235408782959,0.18181950884609366,0.6818813800811767,0.05443922694416372,0.8,50500,0.01,"(1, 1)","{'vec__max_df': 0.8, 'vec__max_features': 50500, 'vec__min_df': 0.01, 'vec__ngram_range': (1, 1)}",0.8364,0.84405,0.8326,0.844,0.8458,0.8421,0.834,0.843,0.8332,0.843
31,0.8364,0.00487442304278157,0.8432299999999999,0.0007277362159464129,3.1288259983062745,0.11412476389304765,0.6794850349426269,0.047839114746282614,0.8,100500,0.01,"(1, 1)","{'vec__max_df': 0.8, 'vec__max_features': 100500, 'vec__min_df': 0.01, 'vec__ngram_range': (1, 1)}",0.8364,0.84405,0.8326,0.844,0.8458,0.8421,0.834,0.843,0.8332,0.843
31,0.8364,0.00487442304278157,0.8432299999999999,0.0007277362159464129,3.055333709716797,0.18878283974367654,0.6823764324188233,0.02256248497147399,0.8,150500,0.01,"(1, 1)","{'vec__max_df': 0.8, 'vec__max_features': 150500, 'vec__min_df': 0.01, 'vec__ngram_range': (1, 1)}",0.8364,0.84405,0.8326,0.844,0.8458,0.8421,0.834,0.843,0.8332,0.843
31,0.8364,0.00487442304278157,0.8432299999999999,0.0007277362159464129,3.0661672592163085,0.16023739912356288,0.6852876663208007,0.025773406437549246,0.8,,0.01,"(1, 1)","{'vec__max_df': 0.8, 'vec__max_features': None, 'vec__min_df': 0.01, 'vec__ngram_range': (1, 1)}",0.8364,0.84405,0.8326,0.844,0.8458,0.8421,0.834,0.843,0.8332,0.843
31,0.8364,0.00487442304278157,0.8432299999999999,0.0007277362159464129,3.1125881671905518,0.1925325571777678,0.6671670436859131,0.054228828631975395,0.9,5500,0.01,"(1, 1)","{'vec__max_df': 0.9, 'vec__max_features': 5500, 'vec__min_df': 0.01, 'vec__ngram_range': (1, 1)}",0.8364,0.84405,0.8326,0.844,0.8458,0.8421,0.834,0.843,0.8332,0.843
31,0.8364,0.00487442304278157,0.8432299999999999,0.0007277362159464129,3.0944499015808105,0.17453113765923456,0.6867215633392334,0.015504777721735504,0.9,10500,0.01,"(1, 1)","{'vec__max_df': 0.9, 'vec__max_features': 10500, 'vec__min_df': 0.01, 'vec__ngram_range': (1, 1)}",0.8364,0.84405,0.8326,0.844,0.8458,0.8421,0.834,0.843,0.8332,0.843
31,0.8364,0.00487442304278157,0.8432299999999999,0.0007277362159464129,3.0442396640777587,0.178056834146372,0.708170223236084,0.0170731761427764,0.9,50500,0.01,"(1, 1)","{'vec__max_df': 0.9, 'vec__max_features': 50500, 'vec__min_df': 0.01, 'vec__ngram_range': (1, 1)}",0.8364,0.84405,0.8326,0.844,0.8458,0.8421,0.834,0.843,0.8332,0.843
31,0.8364,0.00487442304278157,0.8432299999999999,0.0007277362159464129,3.102152633666992,0.19733211739102255,0.6806544780731201,0.038081554198777554,0.9,100500,0.01,"(1, 1)","{'vec__max_df': 0.9, 'vec__max_features': 100500, 'vec__min_df': 0.01, 'vec__ngram_range': (1, 1)}",0.8364,0.84405,0.8326,0.844,0.8458,0.8421,0.834,0.843,0.8332,0.843
31,0.8364,0.00487442304278157,0.8432299999999999,0.0007277362159464129,3.061832046508789,0.11394394294248346,0.6851176261901856,0.04567108119999959,0.9,150500,0.01,"(1, 1)","{'vec__max_df': 0.9, 'vec__max_features': 150500, 'vec__min_df': 0.01, 'vec__ngram_range': (1, 1)}",0.8364,0.84405,0.8326,0.844,0.8458,0.8421,0.834,0.843,0.8332,0.843
31,0.8364,0.00487442304278157,0.8432299999999999,0.0007277362159464129,3.0400579452514647,0.20332982462598814,0.6874544620513916,0.05159253154232699,0.9,,0.01,"(1, 1)","{'vec__max_df': 0.9, 'vec__max_features': None, 'vec__min_df': 0.01, 'vec__ngram_range': (1, 1)}",0.8364,0.84405,0.8326,0.844,0.8458,0.8421,0.834,0.843,0.8332,0.843
31,0.8364,0.00487442304278157,0.8432299999999999,0.0007277362159464129,3.098711442947388,0.14908981299454013,0.6782888889312744,0.04979924406820165,1.0,5500,0.01,"(1, 1)","{'vec__max_df': 1.0, 'vec__max_features': 5500, 'vec__min_df': 0.01, 'vec__ngram_range': (1, 1)}",0.8364,0.84405,0.8326,0.844,0.8458,0.8421,0.834,0.843,0.8332,0.843
31,0.8364,0.00487442304278157,0.8432299999999999,0.0007277362159464129,3.076882839202881,0.11927386610152274,0.6679147720336914,0.05779957276742188,1.0,10500,0.01,"(1, 1)","{'vec__max_df': 1.0, 'vec__max_features': 10500, 'vec__min_df': 0.01, 'vec__ngram_range': (1, 1)}",0.8364,0.84405,0.8326,0.844,0.8458,0.8421,0.834,0.843,0.8332,0.843
31,0.8364,0.00487442304278157,0.8432299999999999,0.0007277362159464129,3.0981874465942383,0.22506138739597245,0.6867834568023682,0.025623725496172835,1.0,50500,0.01,"(1, 1)","{'vec__max_df': 1.0, 'vec__max_features': 50500, 'vec__min_df': 0.01, 'vec__ngram_range': (1, 1)}",0.8364,0.84405,0.8326,0.844,0.8458,0.8421,0.834,0.843,0.8332,0.843
31,0.8364,0.00487442304278157,0.8432299999999999,0.0007277362159464129,3.1382829666137697,0.15722896937561584,0.6860544204711914,0.06396092743670574,1.0,100500,0.01,"(1, 1)","{'vec__max_df': 1.0, 'vec__max_features': 100500, 'vec__min_df': 0.01, 'vec__ngram_range': (1, 1)}",0.8364,0.84405,0.8326,0.844,0.8458,0.8421,0.834,0.843,0.8332,0.843
31,0.8364,0.00487442304278157,0.8432299999999999,0.0007277362159464129,3.1061173915863036,0.20920727765900288,0.6991723060607911,0.035371447223548014,1.0,150500,0.01,"(1, 1)","{'vec__max_df': 1.0, 'vec__max_features': 150500, 'vec__min_df': 0.01, 'vec__ngram_range': (1, 1)}",0.8364,0.84405,0.8326,0.844,0.8458,0.8421,0.834,0.843,0.8332,0.843
31,0.8364,0.00487442304278157,0.8432299999999999,0.0007277362159464129,3.1002274990081786,0.2113249385721068,0.6695104598999023,0.05850663125847893,1.0,,0.01,"(1, 1)","{'vec__max_df': 1.0, 'vec__max_features': None, 'vec__min_df': 0.01, 'vec__ngram_range': (1, 1)}",0.8364,0.84405,0.8326,0.844,0.8458,0.8421,0.834,0.843,0.8332,0.843
49,0.82492,0.004627915297409843,0.82989,0.0010268398122394884,3.0923162937164306,0.14161291997168923,0.6817979335784912,0.03702907990543234,0.8,5500,0.02,"(1, 1)","{'vec__max_df': 0.8, 'vec__max_features': 5500, 'vec__min_df': 0.02, 'vec__ngram_range': (1, 1)}",0.8254,0.8294,0.821,0.8305,0.8336,0.8281,0.8234,0.83055,0.8212,0.8309
49,0.82492,0.004627915297409843,0.82989,0.0010268398122394884,3.0821034908294678,0.16917940019423416,0.6785557746887207,0.03568668002621631,0.8,10500,0.02,"(1, 1)","{'vec__max_df': 0.8, 'vec__max_features': 10500, 'vec__min_df': 0.02, 'vec__ngram_range': (1, 1)}",0.8254,0.8294,0.821,0.8305,0.8336,0.8281,0.8234,0.83055,0.8212,0.8309
49,0.82492,0.004627915297409843,0.82989,0.0010268398122394884,3.1592803478240965,0.11005286078681314,0.6641913414001465,0.04653522847742884,0.8,50500,0.02,"(1, 1)","{'vec__max_df': 0.8, 'vec__max_features': 50500, 'vec__min_df': 0.02, 'vec__ngram_range': (1, 1)}",0.8254,0.8294,0.821,0.8305,0.8336,0.8281,0.8234,0.83055,0.8212,0.8309
49,0.82492,0.004627915297409843,0.82989,0.0010268398122394884,3.1784152507781984,0.1859998820342127,0.6779264450073242,0.045124705694989005,0.8,100500,0.02,"(1, 1)","{'vec__max_df': 0.8, 'vec__max_features': 100500, 'vec__min_df': 0.02, 'vec__ngram_range': (1, 1)}",0.8254,0.8294,0.821,0.8305,0.8336,0.8281,0.8234,0.83055,0.8212,0.8309
49,0.82492,0.004627915297409843,0.82989,0.0010268398122394884,3.1034295558929443,0.15795579660998227,0.689877986907959,0.023715757935365674,0.8,150500,0.02,"(1, 1)","{'vec__max_df': 0.8, 'vec__max_features': 150500, 'vec__min_df': 0.02, 'vec__ngram_range': (1, 1)}",0.8254,0.8294,0.821,0.8305,0.8336,0.8281,0.8234,0.83055,0.8212,0.8309
49,0.82492,0.004627915297409843,0.82989,0.0010268398122394884,3.1259515285491943,0.1960520152268803,0.6579751014709473,0.0556276232754916,0.8,,0.02,"(1, 1)","{'vec__max_df': 0.8, 'vec__max_features': None, 'vec__min_df': 0.02, 'vec__ngram_range': (1, 1)}",0.8254,0.8294,0.821,0.8305,0.8336,0.8281,0.8234,0.83055,0.8212,0.8309
49,0.82492,0.004627915297409843,0.82989,0.0010268398122394884,3.074190855026245,0.20925826221856914,0.6493520259857177,0.06057854569752508,0.9,5500,0.02,"(1, 1)","{'vec__max_df': 0.9, 'vec__max_features': 5500, 'vec__min_df': 0.02, 'vec__ngram_range': (1, 1)}",0.8254,0.8294,0.821,0.8305,0.8336,0.8281,0.8234,0.83055,0.8212,0.8309
49,0.82492,0.004627915297409843,0.82989,0.0010268398122394884,3.1386584758758547,0.18056493900985773,0.6444202899932862,0.05241896079251046,0.9,10500,0.02,"(1, 1)","{'vec__max_df': 0.9, 'vec__max_features': 10500, 'vec__min_df': 0.02, 'vec__ngram_range': (1, 1)}",0.8254,0.8294,0.821,0.8305,0.8336,0.8281,0.8234,0.83055,0.8212,0.8309
49,0.82492,0.004627915297409843,0.82989,0.0010268398122394884,3.0141311168670653,0.11819644819298866,0.645688247680664,0.047416691786899307,0.9,50500,0.02,"(1, 1)","{'vec__max_df': 0.9, 'vec__max_features': 50500, 'vec__min_df': 0.02, 'vec__ngram_range': (1, 1)}",0.8254,0.8294,0.821,0.8305,0.8336,0.8281,0.8234,0.83055,0.8212,0.8309
49,0.82492,0.004627915297409843,0.82989,0.0010268398122394884,3.171216869354248,0.168394273889355,0.669323205947876,0.05757935859073411,0.9,100500,0.02,"(1, 1)","{'vec__max_df': 0.9, 'vec__max_features': 100500, 'vec__min_df': 0.02, 'vec__ngram_range': (1, 1)}",0.8254,0.8294,0.821,0.8305,0.8336,0.8281,0.8234,0.83055,0.8212,0.8309
49,0.82492,0.004627915297409843,0.82989,0.0010268398122394884,3.1225791931152345,0.18373147420185645,0.6522350788116456,0.06230899475046609,0.9,150500,0.02,"(1, 1)","{'vec__max_df': 0.9, 'vec__max_features': 150500, 'vec__min_df': 0.02, 'vec__ngram_range': (1, 1)}",0.8254,0.8294,0.821,0.8305,0.8336,0.8281,0.8234,0.83055,0.8212,0.8309
49,0.82492,0.004627915297409843,0.82989,0.0010268398122394884,3.0957805156707763,0.2312852180105347,0.6414417266845703,0.04042128383903899,0.9,,0.02,"(1, 1)","{'vec__max_df': 0.9, 'vec__max_features': None, 'vec__min_df': 0.02, 'vec__ngram_range': (1, 1)}",0.8254,0.8294,0.821,0.8305,0.8336,0.8281,0.8234,0.83055,0.8212,0.8309
49,0.82492,0.004627915297409843,0.82989,0.0010268398122394884,3.13921856880188,0.17977719048524587,0.6580037117004395,0.05836343220829061,1.0,5500,0.02,"(1, 1)","{'vec__max_df': 1.0, 'vec__max_features': 5500, 'vec__min_df': 0.02, 'vec__ngram_range': (1, 1)}",0.8254,0.8294,0.821,0.8305,0.8336,0.8281,0.8234,0.83055,0.8212,0.8309
49,0.82492,0.004627915297409843,0.82989,0.0010268398122394884,3.1299933433532714,0.1438213824536301,0.6713460922241211,0.054815126088087106,1.0,10500,0.02,"(1, 1)","{'vec__max_df': 1.0, 'vec__max_features': 10500, 'vec__min_df': 0.02, 'vec__ngram_range': (1, 1)}",0.8254,0.8294,0.821,0.8305,0.8336,0.8281,0.8234,0.83055,0.8212,0.8309
49,0.82492,0.004627915297409843,0.82989,0.0010268398122394884,3.0882665634155275,0.12313881647324194,0.6714745998382569,0.031115953369462535,1.0,50500,0.02,"(1, 1)","{'vec__max_df': 1.0, 'vec__max_features': 50500, 'vec__min_df': 0.02, 'vec__ngram_range': (1, 1)}",0.8254,0.8294,0.821,0.8305,0.8336,0.8281,0.8234,0.83055,0.8212,0.8309
49,0.82492,0.004627915297409843,0.82989,0.0010268398122394884,3.0884819984436036,0.12593469555360026,0.649605131149292,0.038167573991009944,1.0,100500,0.02,"(1, 1)","{'vec__max_df': 1.0, 'vec__max_features': 100500, 'vec__min_df': 0.02, 'vec__ngram_range': (1, 1)}",0.8254,0.8294,0.821,0.8305,0.8336,0.8281,0.8234,0.83055,0.8212,0.8309
49,0.82492,0.004627915297409843,0.82989,0.0010268398122394884,3.0500754356384276,0.156348258129522,0.6703533172607422,0.030439913726987733,1.0,150500,0.02,"(1, 1)","{'vec__max_df': 1.0, 'vec__max_features': 150500, 'vec__min_df': 0.02, 'vec__ngram_range': (1, 1)}",0.8254,0.8294,0.821,0.8305,0.8336,0.8281,0.8234,0.83055,0.8212,0.8309
49,0.82492,0.004627915297409843,0.82989,0.0010268398122394884,3.0389098644256594,0.19107070065534326,0.66117844581604,0.022466993537200334,1.0,,0.02,"(1, 1)","{'vec__max_df': 1.0, 'vec__max_features': None, 'vec__min_df': 0.02, 'vec__ngram_range': (1, 1)}",0.8254,0.8294,0.821,0.8305,0.8336,0.8281,0.8234,0.83055,0.8212,0.8309
67,0.8148799999999999,0.006148300578208577,0.88056,0.0011195534824205667,12.37271671295166,0.6228406821684241,0.9037572860717773,0.11602789319080033,0.8,10500,1,"(2, 2)","{'vec__max_df': 0.8, 'vec__max_features': 10500, 'vec__min_df': 1, 'vec__ngram_range': (2, 2)}",0.8216,0.87835,0.8088,0.8812,0.8218,0.8811,0.8072,0.88135,0.815,0.8808
67,0.8148799999999999,0.006148300578208577,0.88056,0.0011195534824205667,12.301458740234375,0.5347878166173464,0.8975895404815674,0.11303973360392708,0.9,10500,1,"(2, 2)","{'vec__max_df': 0.9, 'vec__max_features': 10500, 'vec__min_df': 1, 'vec__ngram_range': (2, 2)}",0.8216,0.87835,0.8088,0.8812,0.8218,0.8811,0.8072,0.88135,0.815,0.8808
67,0.8148799999999999,0.006148300578208577,0.88056,0.0011195534824205667,12.215052318572997,0.45353590768460506,0.8900532722473145,0.08239234125865598,1.0,10500,1,"(2, 2)","{'vec__max_df': 1.0, 'vec__max_features': 10500, 'vec__min_df': 1, 'vec__ngram_range': (2, 2)}",0.8216,0.87835,0.8088,0.8812,0.8218,0.8811,0.8072,0.88135,0.815,0.8808
70,0.799,0.004114365078599606,0.8467500000000001,0.0008203657720797734,12.202997207641602,0.43570915276079436,0.8883082866668701,0.04700491133351851,0.8,5500,1,"(2, 2)","{'vec__max_df': 0.8, 'vec__max_features': 5500, 'vec__min_df': 1, 'vec__ngram_range': (2, 2)}",0.8016,0.84525,0.7952,0.8472,0.8052,0.84735,0.794,0.8465,0.799,0.84745
70,0.799,0.004114365078599606,0.8467500000000001,0.0008203657720797734,12.13298168182373,0.6194384425076557,0.8662856578826904,0.044808974808105785,0.9,5500,1,"(2, 2)","{'vec__max_df': 0.9, 'vec__max_features': 5500, 'vec__min_df': 1, 'vec__ngram_range': (2, 2)}",0.8016,0.84525,0.7952,0.8472,0.8052,0.84735,0.794,0.8465,0.799,0.84745
70,0.799,0.004114365078599606,0.8467500000000001,0.0008203657720797734,12.066096305847168,0.4771886717641899,0.8452815532684326,0.07913990037829421,1.0,5500,1,"(2, 2)","{'vec__max_df': 1.0, 'vec__max_features': 5500, 'vec__min_df': 1, 'vec__ngram_range': (2, 2)}",0.8016,0.84525,0.7952,0.8472,0.8052,0.84735,0.794,0.8465,0.799,0.84745
73,0.63332,0.0059297217472660665,0.6387,0.0015668439615992324,12.240255880355836,0.4661748429111396,0.8368635177612305,0.08447785285599209,0.8,5500,0.01,"(2, 2)","{'vec__max_df': 0.8, 'vec__max_features': 5500, 'vec__min_df': 0.01, 'vec__ngram_range': (2, 2)}",0.6264,0.6414,0.6272,0.6393,0.6424,0.63835,0.6356,0.63695,0.635,0.6375
73,0.63332,0.0059297217472660665,0.6387,0.0015668439615992324,12.199862957000732,0.508408608392283,0.8315803050994873,0.06976871554631206,0.8,10500,0.01,"(2, 2)","{'vec__max_df': 0.8, 'vec__max_features': 10500, 'vec__min_df': 0.01, 'vec__ngram_range': (2, 2)}",0.6264,0.6414,0.6272,0.6393,0.6424,0.63835,0.6356,0.63695,0.635,0.6375
73,0.63332,0.0059297217472660665,0.6387,0.0015668439615992324,12.219452476501464,0.5888571859225833,0.8668270111083984,0.032173707032362574,0.8,50500,0.01,"(2, 2)","{'vec__max_df': 0.8, 'vec__max_features': 50500, 'vec__min_df': 0.01, 'vec__ngram_range': (2, 2)}",0.6264,0.6414,0.6272,0.6393,0.6424,0.63835,0.6356,0.63695,0.635,0.6375
73,0.63332,0.0059297217472660665,0.6387,0.0015668439615992324,12.065402841567993,0.43099806672668706,0.8621638774871826,0.04662691910979678,0.8,100500,0.01,"(2, 2)","{'vec__max_df': 0.8, 'vec__max_features': 100500, 'vec__min_df': 0.01, 'vec__ngram_range': (2, 2)}",0.6264,0.6414,0.6272,0.6393,0.6424,0.63835,0.6356,0.63695,0.635,0.6375
73,0.63332,0.0059297217472660665,0.6387,0.0015668439615992324,12.07896294593811,0.543845250340546,0.8414419174194336,0.11702441276238407,0.8,150500,0.01,"(2, 2)","{'vec__max_df': 0.8, 'vec__max_features': 150500, 'vec__min_df': 0.01, 'vec__ngram_range': (2, 2)}",0.6264,0.6414,0.6272,0.6393,0.6424,0.63835,0.6356,0.63695,0.635,0.6375
73,0.63332,0.0059297217472660665,0.6387,0.0015668439615992324,12.123866844177247,0.4574311692949545,0.8475140571594239,0.0826351907416616,0.8,,0.01,"(2, 2)","{'vec__max_df': 0.8, 'vec__max_features': None, 'vec__min_df': 0.01, 'vec__ngram_range': (2, 2)}",0.6264,0.6414,0.6272,0.6393,0.6424,0.63835,0.6356,0.63695,0.635,0.6375
73,0.63332,0.0059297217472660665,0.6387,0.0015668439615992324,12.007926940917969,0.5764153300143199,0.8348948955535889,0.05170800825956811,0.9,5500,0.01,"(2, 2)","{'vec__max_df': 0.9, 'vec__max_features': 5500, 'vec__min_df': 0.01, 'vec__ngram_range': (2, 2)}",0.6264,0.6414,0.6272,0.6393,0.6424,0.63835,0.6356,0.63695,0.635,0.6375
73,0.63332,0.0059297217472660665,0.6387,0.0015668439615992324,12.0532883644104,0.5467301589035387,0.8443654537200928,0.0369480426181259,0.9,10500,0.01,"(2, 2)","{'vec__max_df': 0.9, 'vec__max_features': 10500, 'vec__min_df': 0.01, 'vec__ngram_range': (2, 2)}",0.6264,0.6414,0.6272,0.6393,0.6424,0.63835,0.6356,0.63695,0.635,0.6375
73,0.63332,0.0059297217472660665,0.6387,0.0015668439615992324,12.03626217842102,0.4639845181864335,0.8303942203521728,0.07946422167871812,0.9,50500,0.01,"(2, 2)","{'vec__max_df': 0.9, 'vec__max_features': 50500, 'vec__min_df': 0.01, 'vec__ngram_range': (2, 2)}",0.6264,0.6414,0.6272,0.6393,0.6424,0.63835,0.6356,0.63695,0.635,0.6375
73,0.63332,0.0059297217472660665,0.6387,0.0015668439615992324,11.888997030258178,0.3391308404786068,0.8564857482910156,0.06893917182819752,0.9,100500,0.01,"(2, 2)","{'vec__max_df': 0.9, 'vec__max_features': 100500, 'vec__min_df': 0.01, 'vec__ngram_range': (2, 2)}",0.6264,0.6414,0.6272,0.6393,0.6424,0.63835,0.6356,0.63695,0.635,0.6375
73,0.63332,0.0059297217472660665,0.6387,0.0015668439615992324,11.96264419555664,0.40617842098515144,0.8404430389404297,0.0474502734662348,0.9,150500,0.01,"(2, 2)","{'vec__max_df': 0.9, 'vec__max_features': 150500, 'vec__min_df': 0.01, 'vec__ngram_range': (2, 2)}",0.6264,0.6414,0.6272,0.6393,0.6424,0.63835,0.6356,0.63695,0.635,0.6375
73,0.63332,0.0059297217472660665,0.6387,0.0015668439615992324,11.97386531829834,0.4233766030565839,0.8317679405212403,0.08400040498579485,0.9,,0.01,"(2, 2)","{'vec__max_df': 0.9, 'vec__max_features': None, 'vec__min_df': 0.01, 'vec__ngram_range': (2, 2)}",0.6264,0.6414,0.6272,0.6393,0.6424,0.63835,0.6356,0.63695,0.635,0.6375
73,0.63332,0.0059297217472660665,0.6387,0.0015668439615992324,12.024765253067017,0.4730820476723026,0.8479948043823242,0.03661997901069247,1.0,5500,0.01,"(2, 2)","{'vec__max_df': 1.0, 'vec__max_features': 5500, 'vec__min_df': 0.01, 'vec__ngram_range': (2, 2)}",0.6264,0.6414,0.6272,0.6393,0.6424,0.63835,0.6356,0.63695,0.635,0.6375
73,0.63332,0.0059297217472660665,0.6387,0.0015668439615992324,12.021762561798095,0.5428288553250296,0.8629589557647706,0.0407134039864854,1.0,10500,0.01,"(2, 2)","{'vec__max_df': 1.0, 'vec__max_features': 10500, 'vec__min_df': 0.01, 'vec__ngram_range': (2, 2)}",0.6264,0.6414,0.6272,0.6393,0.6424,0.63835,0.6356,0.63695,0.635,0.6375
73,0.63332,0.0059297217472660665,0.6387,0.0015668439615992324,12.119947147369384,0.5213838996125479,0.8051251411437989,0.08873769399997122,1.0,50500,0.01,"(2, 2)","{'vec__max_df': 1.0, 'vec__max_features': 50500, 'vec__min_df': 0.01, 'vec__ngram_range': (2, 2)}",0.6264,0.6414,0.6272,0.6393,0.6424,0.63835,0.6356,0.63695,0.635,0.6375
73,0.63332,0.0059297217472660665,0.6387,0.0015668439615992324,12.018209981918336,0.5068507924959956,0.8394276618957519,0.05709475917132056,1.0,100500,0.01,"(2, 2)","{'vec__max_df': 1.0, 'vec__max_features': 100500, 'vec__min_df': 0.01, 'vec__ngram_range': (2, 2)}",0.6264,0.6414,0.6272,0.6393,0.6424,0.63835,0.6356,0.63695,0.635,0.6375
73,0.63332,0.0059297217472660665,0.6387,0.0015668439615992324,11.972728776931763,0.5277135203262262,0.8046677589416504,0.08678604124136007,1.0,150500,0.01,"(2, 2)","{'vec__max_df': 1.0, 'vec__max_features': 150500, 'vec__min_df': 0.01, 'vec__ngram_range': (2, 2)}",0.6264,0.6414,0.6272,0.6393,0.6424,0.63835,0.6356,0.63695,0.635,0.6375
73,0.63332,0.0059297217472660665,0.6387,0.0015668439615992324,12.018828344345092,0.47006482671456334,0.8346436023712158,0.13082096497939308,1.0,,0.01,"(2, 2)","{'vec__max_df': 1.0, 'vec__max_features': None, 'vec__min_df': 0.01, 'vec__ngram_range': (2, 2)}",0.6264,0.6414,0.6272,0.6393,0.6424,0.63835,0.6356,0.63695,0.635,0.6375
91,0.56784,0.009279999999999984,0.57088,0.0025662423891752444,12.106492710113525,0.42819160778813836,0.9018980503082276,0.08903670060686546,0.8,5500,0.02,"(2, 2)","{'vec__max_df': 0.8, 'vec__max_features': 5500, 'vec__min_df': 0.02, 'vec__ngram_range': (2, 2)}",0.5644,0.5709,0.5738,0.56955,0.581,0.56725,0.5534,0.57505,0.5666,0.57165
91,0.56784,0.009279999999999984,0.57088,0.0025662423891752444,12.159816074371339,0.567394290684315,0.8354452133178711,0.07146691243618881,0.8,10500,0.02,"(2, 2)","{'vec__max_df': 0.8, 'vec__max_features': 10500, 'vec__min_df': 0.02, 'vec__ngram_range': (2, 2)}",0.5644,0.5709,0.5738,0.56955,0.581,0.56725,0.5534,0.57505,0.5666,0.57165
91,0.56784,0.009279999999999984,0.57088,0.0025662423891752444,12.203041553497314,0.4761374948003601,0.8588948726654053,0.0429160724666586,0.8,50500,0.02,"(2, 2)","{'vec__max_df': 0.8, 'vec__max_features': 50500, 'vec__min_df': 0.02, 'vec__ngram_range': (2, 2)}",0.5644,0.5709,0.5738,0.56955,0.581,0.56725,0.5534,0.57505,0.5666,0.57165
91,0.56784,0.009279999999999984,0.57088,0.0025662423891752444,12.159531211853027,0.4179986370678631,0.8178239822387695,0.09082516533213239,0.8,100500,0.02,"(2, 2)","{'vec__max_df': 0.8, 'vec__max_features': 100500, 'vec__min_df': 0.02, 'vec__ngram_range': (2, 2)}",0.5644,0.5709,0.5738,0.56955,0.581,0.56725,0.5534,0.57505,0.5666,0.57165
91,0.56784,0.009279999999999984,0.57088,0.0025662423891752444,12.080497360229492,0.5279153937472147,0.8416956901550293,0.04154268777345578,0.8,150500,0.02,"(2, 2)","{'vec__max_df': 0.8, 'vec__max_features': 150500, 'vec__min_df': 0.02, 'vec__ngram_range': (2, 2)}",0.5644,0.5709,0.5738,0.56955,0.581,0.56725,0.5534,0.57505,0.5666,0.57165
91,0.56784,0.009279999999999984,0.57088,0.0025662423891752444,12.097022533416748,0.5078423030597123,0.8266963005065918,0.10813379821950257,0.8,,0.02,"(2, 2)","{'vec__max_df': 0.8, 'vec__max_features': None, 'vec__min_df': 0.02, 'vec__ngram_range': (2, 2)}",0.5644,0.5709,0.5738,0.56955,0.581,0.56725,0.5534,0.57505,0.5666,0.57165
91,0.56784,0.009279999999999984,0.57088,0.0025662423891752444,12.028925275802612,0.4863593445833557,0.8455024242401123,0.04899554848752716,0.9,5500,0.02,"(2, 2)","{'vec__max_df': 0.9, 'vec__max_features': 5500, 'vec__min_df': 0.02, 'vec__ngram_range': (2, 2)}",0.5644,0.5709,0.5738,0.56955,0.581,0.56725,0.5534,0.57505,0.5666,0.57165
91,0.56784,0.009279999999999984,0.57088,0.0025662423891752444,11.981464099884032,0.4299563620570503,0.8510487079620361,0.060443889733817785,0.9,10500,0.02,"(2, 2)","{'vec__max_df': 0.9, 'vec__max_features': 10500, 'vec__min_df': 0.02, 'vec__ngram_range': (2, 2)}",0.5644,0.5709,0.5738,0.56955,0.581,0.56725,0.5534,0.57505,0.5666,0.57165
91,0.56784,0.009279999999999984,0.57088,0.0025662423891752444,11.94662594795227,0.5425771734426735,0.8474062919616699,0.027711113384029647,0.9,50500,0.02,"(2, 2)","{'vec__max_df': 0.9, 'vec__max_features': 50500, 'vec__min_df': 0.02, 'vec__ngram_range': (2, 2)}",0.5644,0.5709,0.5738,0.56955,0.581,0.56725,0.5534,0.57505,0.5666,0.57165
91,0.56784,0.009279999999999984,0.57088,0.0025662423891752444,12.035496616363526,0.5165040237560599,0.8255646705627442,0.11644822612450913,0.9,100500,0.02,"(2, 2)","{'vec__max_df': 0.9, 'vec__max_features': 100500, 'vec__min_df': 0.02, 'vec__ngram_range': (2, 2)}",0.5644,0.5709,0.5738,0.56955,0.581,0.56725,0.5534,0.57505,0.5666,0.57165
91,0.56784,0.009279999999999984,0.57088,0.0025662423891752444,12.01912431716919,0.49836729727005413,0.8305290222167969,0.0469300019516113,0.9,150500,0.02,"(2, 2)","{'vec__max_df': 0.9, 'vec__max_features': 150500, 'vec__min_df': 0.02, 'vec__ngram_range': (2, 2)}",0.5644,0.5709,0.5738,0.56955,0.581,0.56725,0.5534,0.57505,0.5666,0.57165
91,0.56784,0.009279999999999984,0.57088,0.0025662423891752444,11.965961217880249,0.49128570357729384,0.8074812412261962,0.08355338406683432,0.9,,0.02,"(2, 2)","{'vec__max_df': 0.9, 'vec__max_features': None, 'vec__min_df': 0.02, 'vec__ngram_range': (2, 2)}",0.5644,0.5709,0.5738,0.56955,0.581,0.56725,0.5534,0.57505,0.5666,0.57165
91,0.56784,0.009279999999999984,0.57088,0.0025662423891752444,11.993860626220703,0.5052631857304397,0.8240964412689209,0.04846223887998221,1.0,5500,0.02,"(2, 2)","{'vec__max_df': 1.0, 'vec__max_features': 5500, 'vec__min_df': 0.02, 'vec__ngram_range': (2, 2)}",0.5644,0.5709,0.5738,0.56955,0.581,0.56725,0.5534,0.57505,0.5666,0.57165
91,0.56784,0.009279999999999984,0.57088,0.0025662423891752444,11.946728467941284,0.4120297147008371,0.8658909797668457,0.0741852580147736,1.0,10500,0.02,"(2, 2)","{'vec__max_df': 1.0, 'vec__max_features': 10500, 'vec__min_df': 0.02, 'vec__ngram_range': (2, 2)}",0.5644,0.5709,0.5738,0.56955,0.581,0.56725,0.5534,0.57505,0.5666,0.57165
91,0.56784,0.009279999999999984,0.57088,0.0025662423891752444,12.082001543045044,0.5737121631778344,0.8450694561004639,0.05185250042314395,1.0,50500,0.02,"(2, 2)","{'vec__max_df': 1.0, 'vec__max_features': 50500, 'vec__min_df': 0.02, 'vec__ngram_range': (2, 2)}",0.5644,0.5709,0.5738,0.56955,0.581,0.56725,0.5534,0.57505,0.5666,0.57165
91,0.56784,0.009279999999999984,0.57088,0.0025662423891752444,11.937631988525391,0.4739628800404912,0.8631545066833496,0.03626315867954126,1.0,100500,0.02,"(2, 2)","{'vec__max_df': 1.0, 'vec__max_features': 100500, 'vec__min_df': 0.02, 'vec__ngram_range': (2, 2)}",0.5644,0.5709,0.5738,0.56955,0.581,0.56725,0.5534,0.57505,0.5666,0.57165
91,0.56784,0.009279999999999984,0.57088,0.0025662423891752444,12.016154289245605,0.5316470676169252,0.8191191196441651,0.07354593929095304,1.0,150500,0.02,"(2, 2)","{'vec__max_df': 1.0, 'vec__max_features': 150500, 'vec__min_df': 0.02, 'vec__ngram_range': (2, 2)}",0.5644,0.5709,0.5738,0.56955,0.581,0.56725,0.5534,0.57505,0.5666,0.57165
91,0.56784,0.009279999999999984,0.57088,0.0025662423891752444,11.39746265411377,0.8960676902145732,0.7485954284667968,0.1459717330274759,1.0,,0.02,"(2, 2)","{'vec__max_df': 1.0, 'vec__max_features': None, 'vec__min_df': 0.02, 'vec__ngram_range': (2, 2)}",0.5644,0.5709,0.5738,0.56955,0.581,0.56725,0.5534,0.57505,0.5666,0.57165
